{"cameraMode":{"drawMode":0,"name":"Shaded","section":"Shading Mode"},"sceneLighting":false,"audioPlay":false,"sceneViewState":{"m_AlwaysRefresh":false,"showFog":true,"showSkybox":false,"showFlares":true,"showImageEffects":true,"showParticleSystems":true,"showVisualEffectGraphs":true,"m_FxEnabled":true},"in2DMode":false,"pivot":{"x":3.9844748973846437,"y":-1.9889661073684693,"z":15.20191478729248},"rotation":{"x":0.12396187335252762,"y":0.058916397392749789,"z":-0.007481919135898352,"w":0.9905630350112915},"size":11.6116943359375,"orthographic":false}