{"cameraMode":{"drawMode":0,"name":"Shaded","section":"Shading Mode"},"sceneLighting":true,"audioPlay":false,"sceneViewState":{"m_AlwaysRefresh":false,"showFog":true,"showSkybox":true,"showFlares":true,"showImageEffects":true,"showParticleSystems":true,"showVisualEffectGraphs":true,"m_FxEnabled":true},"in2DMode":false,"pivot":{"x":-0.9637613296508789,"y":-4.806002616882324,"z":8.37872314453125},"rotation":{"x":0.23022228479385377,"y":0.11627545952796936,"z":-0.027795664966106416,"w":0.9658865928649902},"size":14.981328010559082,"orthographic":false}