{"cameraMode":{"drawMode":0,"name":"Shaded","section":"Shading Mode"},"sceneLighting":true,"audioPlay":false,"sceneViewState":{"m_AlwaysRefresh":false,"showFog":true,"showSkybox":true,"showFlares":true,"showImageEffects":true,"showParticleSystems":true,"showVisualEffectGraphs":true,"m_FxEnabled":true},"in2DMode":false,"pivot":{"x":37.42290115356445,"y":69.06583404541016,"z":-143.43389892578126},"rotation":{"x":0.24554552137851716,"y":-0.10057077556848526,"z":0.022251244634389879,"w":0.9642912149429321},"size":3.9616336822509767,"orthographic":false}