{"cameraMode":{"drawMode":0,"name":"Shaded","section":"Shading Mode"},"sceneLighting":true,"audioPlay":false,"sceneViewState":{"m_AlwaysRefresh":false,"showFog":true,"showSkybox":true,"showFlares":true,"showImageEffects":true,"showParticleSystems":true,"showVisualEffectGraphs":true,"m_FxEnabled":true},"in2DMode":false,"pivot":{"x":-26.907691955566408,"y":16.904565811157228,"z":-25.794754028320314},"rotation":{"x":-0.1818166822195053,"y":-0.4087546467781067,"z":0.08619826287031174,"w":-0.8906738758087158},"size":11.214886665344239,"orthographic":false}