{"cameraMode":{"drawMode":0,"name":"Shaded","section":"Shading Mode"},"sceneLighting":true,"audioPlay":false,"sceneViewState":{"m_AlwaysRefresh":false,"showFog":true,"showSkybox":true,"showFlares":true,"showImageEffects":true,"showParticleSystems":true,"showVisualEffectGraphs":true,"m_FxEnabled":true},"in2DMode":false,"pivot":{"x":0.2972869873046875,"y":5.387784004211426,"z":11.61037826538086},"rotation":{"x":-0.00610658572986722,"y":-0.9748258590698242,"z":0.22157439589500428,"w":-0.027226347476243974},"size":2.6008145809173586,"orthographic":false}