{"cameraMode":{"drawMode":0,"name":"Shaded","section":"Shading Mode"},"sceneLighting":true,"audioPlay":false,"sceneViewState":{"m_AlwaysRefresh":false,"showFog":true,"showSkybox":true,"showFlares":true,"showImageEffects":true,"showParticleSystems":true,"showVisualEffectGraphs":true,"m_FxEnabled":true},"in2DMode":false,"pivot":{"x":-2.7848145961761476,"y":22.576658248901368,"z":12.965848922729493},"rotation":{"x":-0.08323197811841965,"y":-0.9020265340805054,"z":0.20868168771266938,"w":-0.3697628378868103},"size":11.214886665344239,"orthographic":false}