{"cameraMode":{"drawMode":0,"name":"Shaded","section":"Shading Mode"},"sceneLighting":true,"audioPlay":false,"sceneViewState":{"m_AlwaysRefresh":false,"showFog":true,"showSkybox":true,"showFlares":true,"showImageEffects":true,"showParticleSystems":true,"showVisualEffectGraphs":true,"m_FxEnabled":true},"in2DMode":false,"pivot":{"x":3.0891456604003908,"y":-52.502662658691409,"z":57.92203140258789},"rotation":{"x":0.36490723490715029,"y":0.004438762087374926,"z":-0.0020262557081878187,"w":0.9311403036117554},"size":47.88597106933594,"orthographic":false}