{"cameraMode":{"drawMode":0,"name":"Shaded","section":"Shading Mode"},"sceneLighting":false,"audioPlay":false,"sceneViewState":{"m_AlwaysRefresh":false,"showFog":true,"showSkybox":false,"showFlares":true,"showImageEffects":true,"showParticleSystems":true,"showVisualEffectGraphs":true,"m_FxEnabled":true},"in2DMode":false,"pivot":{"x":-1.655234456062317,"y":-0.20276649296283723,"z":-2.121610164642334},"rotation":{"x":-0.010089701041579247,"y":0.307333379983902,"z":0.0029290474485605957,"w":0.9516525268554688},"size":1.2798584699630738,"orthographic":false}