{"cameraMode":{"drawMode":0,"name":"Shaded","section":"Shading Mode"},"sceneLighting":false,"audioPlay":false,"sceneViewState":{"m_AlwaysRefresh":false,"showFog":true,"showSkybox":false,"showFlares":true,"showImageEffects":true,"showParticleSystems":true,"showVisualEffectGraphs":true,"m_FxEnabled":true},"in2DMode":false,"pivot":{"x":0.6534732580184937,"y":0.031685296446084979,"z":2.238138198852539},"rotation":{"x":-0.25557005405426028,"y":0.1683584451675415,"z":-0.04507036134600639,"w":-0.9510103464126587},"size":3.9718949794769289,"orthographic":false}