{"cameraMode":{"drawMode":0,"name":"Shaded","section":"Shading Mode"},"sceneLighting":false,"audioPlay":false,"sceneViewState":{"m_AlwaysRefresh":false,"showFog":true,"showSkybox":false,"showFlares":true,"showImageEffects":true,"showParticleSystems":true,"showVisualEffectGraphs":true,"m_FxEnabled":true},"in2DMode":false,"pivot":{"x":0.9342566728591919,"y":-1.2339073419570923,"z":4.580745697021484},"rotation":{"x":-0.2065485119819641,"y":-0.13192640244960786,"z":0.028281446546316148,"w":-0.9691491723060608},"size":3.9718949794769289,"orthographic":false}