{"cameraMode":{"drawMode":0,"name":"Shaded","section":"Shading Mode"},"sceneLighting":false,"audioPlay":false,"sceneViewState":{"m_AlwaysRefresh":false,"showFog":true,"showSkybox":false,"showFlares":true,"showImageEffects":true,"showParticleSystems":true,"showVisualEffectGraphs":true,"m_FxEnabled":true},"in2DMode":false,"pivot":{"x":2.2790849208831789,"y":0.13983812928199769,"z":1.9026093482971192},"rotation":{"x":0.049485839903354648,"y":-0.002084468025714159,"z":-0.000027242374926572666,"w":0.9988131523132324},"size":3.674234628677368,"orthographic":false}