{"cameraMode":{"drawMode":0,"name":"Shaded","section":"Shading Mode"},"sceneLighting":false,"audioPlay":false,"sceneViewState":{"m_AlwaysRefresh":false,"showFog":true,"showSkybox":false,"showFlares":true,"showImageEffects":true,"showParticleSystems":true,"showVisualEffectGraphs":true,"m_FxEnabled":true},"in2DMode":false,"pivot":{"x":0.7799411416053772,"y":11.848172187805176,"z":-12.15408706665039},"rotation":{"x":0.3125826418399811,"y":0.023632192984223367,"z":-0.007901719771325589,"w":0.9496018886566162},"size":2.598076105117798,"orthographic":false}